,NeuronName,NeuronType,Fibre_Diameter,Location,Electrode_Config,Frequency,Titration_Factor,Activation_Threshold (mA),First_Spike_Loc
110,Ventral_root_L2_L3_L4_nerve_obturator_left_01 [Sensory MRG Neuron 20.00um]  (Ventral_Root_Nerves_(T7-L2)_20um),Sensory MRG Neuron,20.00um,L2_L3,DV-I,30,0.008056640625,0.8056640625000001,node[97]
104,Ventral_root_L1_nerve_spinal_L1_left_01 [Sensory MRG Neuron 20.00um]  (Ventral_Root_Nerves_(T7-L2)_20um),Sensory MRG Neuron,20.00um,L1_nerve,DV-I,30,0.00836181640625,0.8361816406250001,node[110]
103,Ventral_root_L1_nerve_spinal_L1_left_01 [Sensory MRG Neuron 15.00um]  (Ventral_Root_Nerves_(T7-L2)_15um),Sensory MRG Neuron,15.00um,L1_nerve,DV-I,30,0.00836181640625,0.8361816406250001,node[131]
97,Ventral_root_L1_nerve_ilioinguinal_left_01 [Sensory MRG Neuron 15.00um]  (Ventral_Root_Nerves_(T7-L2)_15um),Sensory MRG Neuron,15.00um,L1_nerve,DV-I,30,0.00836181640625,0.8361816406250001,node[132]
109,Ventral_root_L2_L3_L4_nerve_obturator_left_01 [Sensory MRG Neuron 15.00um]  (Ventral_Root_Nerves_(T7-L2)_15um),Sensory MRG Neuron,15.00um,L2_L3,DV-I,30,0.00836181640625,0.8361816406250001,node[115]
98,Ventral_root_L1_nerve_ilioinguinal_left_01 [Sensory MRG Neuron 20.00um]  (Ventral_Root_Nerves_(T7-L2)_20um),Sensory MRG Neuron,20.00um,L1_nerve,DV-I,30,0.0084228515625,0.84228515625,node[109]
108,Ventral_root_L2_L3_L4_nerve_obturator_left_01 [Sensory MRG Neuron 10.00um]  (Ventral_Root_Nerves_(T7-L2)_10um),Sensory MRG Neuron,10.00um,L2_L3,DV-I,30,0.008544921875,0.8544921875,node[158]
102,Ventral_root_L1_nerve_spinal_L1_left_01 [Sensory MRG Neuron 10.00um]  (Ventral_Root_Nerves_(T7-L2)_10um),Sensory MRG Neuron,10.00um,L1_nerve,DV-I,30,0.00885009765625,0.885009765625,node[178]
96,Ventral_root_L1_nerve_ilioinguinal_left_01 [Sensory MRG Neuron 10.00um]  (Ventral_Root_Nerves_(T7-L2)_10um),Sensory MRG Neuron,10.00um,L1_nerve,DV-I,30,0.00897216796875,0.8972167968750001,node[179]
107,Ventral_root_L1_nerve_spinal_L1_right_01 [Sensory MRG Neuron 20.00um]  (Ventral_Root_Nerves_(T7-L2)_20um),Sensory MRG Neuron,20.00um,L1_nerve,DV-I,30,0.00909423828125,0.909423828125,node[112]
101,Ventral_root_L1_nerve_ilioinguinal_right_01 [Sensory MRG Neuron 20.00um]  (Ventral_Root_Nerves_(T7-L2)_20um),Sensory MRG Neuron,20.00um,L1_nerve,DV-I,30,0.00909423828125,0.909423828125,node[111]
22,Nerve_ventral_root_T11_nerve_eleventh_thoracic_right_01 [Sensory MRG Neuron 15.00um]  (Ventral_Root_Nerves_(T7-L2)_15um),Sensory MRG Neuron,15.00um,T11_nerve,DV-I,30,0.0106201171875,1.0620117187500002,node[28]
25,Nerve_ventral_root_T11_nerve_eleventh_thoracic_right_02 [Sensory MRG Neuron 15.00um]  (Ventral_Root_Nerves_(T7-L2)_15um),Sensory MRG Neuron,15.00um,T11_nerve,DV-I,30,0.0107421875,1.07421875,node[28]
100,Ventral_root_L1_nerve_ilioinguinal_right_01 [Sensory MRG Neuron 15.00um]  (Ventral_Root_Nerves_(T7-L2)_15um),Sensory MRG Neuron,15.00um,L1_nerve,DV-I,30,0.010986328125,1.0986328125,node[133]
106,Ventral_root_L1_nerve_spinal_L1_right_01 [Sensory MRG Neuron 15.00um]  (Ventral_Root_Nerves_(T7-L2)_15um),Sensory MRG Neuron,15.00um,L1_nerve,DV-I,30,0.0111083984375,1.11083984375,node[133]
26,Nerve_ventral_root_T11_nerve_eleventh_thoracic_right_02 [Sensory MRG Neuron 20.00um]  (Ventral_Root_Nerves_(T7-L2)_20um),Sensory MRG Neuron,20.00um,T11_nerve,DV-I,30,0.01141357421875,1.141357421875,node[24]
23,Nerve_ventral_root_T11_nerve_eleventh_thoracic_right_01 [Sensory MRG Neuron 20.00um]  (Ventral_Root_Nerves_(T7-L2)_20um),Sensory MRG Neuron,20.00um,T11_nerve,DV-I,30,0.01141357421875,1.141357421875,node[24]
24,Nerve_ventral_root_T11_nerve_eleventh_thoracic_right_02 [Sensory MRG Neuron 10.00um]  (Ventral_Root_Nerves_(T7-L2)_10um),Sensory MRG Neuron,10.00um,T11_nerve,DV-I,30,0.0125732421875,1.25732421875,node[37]
21,Nerve_ventral_root_T11_nerve_eleventh_thoracic_right_01 [Sensory MRG Neuron 10.00um]  (Ventral_Root_Nerves_(T7-L2)_10um),Sensory MRG Neuron,10.00um,T11_nerve,DV-I,30,0.0128173828125,1.28173828125,node[37]
105,Ventral_root_L1_nerve_spinal_L1_right_01 [Sensory MRG Neuron 10.00um]  (Ventral_Root_Nerves_(T7-L2)_10um),Sensory MRG Neuron,10.00um,L1_nerve,DV-I,30,0.01318359375,1.318359375,node[183]
99,Ventral_root_L1_nerve_ilioinguinal_right_01 [Sensory MRG Neuron 10.00um]  (Ventral_Root_Nerves_(T7-L2)_10um),Sensory MRG Neuron,10.00um,L1_nerve,DV-I,30,0.013427734375,1.3427734375,node[183]
37,Nerve_ventral_root_T12_nerve_twelfth_thoracic_right_01 [Sensory MRG Neuron 15.00um]  (Ventral_Root_Nerves_(T7-L2)_15um),Sensory MRG Neuron,15.00um,T12_nerve,DV-I,30,0.0135498046875,1.3549804687500002,node[32]
40,Nerve_ventral_root_T12_nerve_twelfth_thoracic_right_02 [Sensory MRG Neuron 15.00um]  (Ventral_Root_Nerves_(T7-L2)_15um),Sensory MRG Neuron,15.00um,T12_nerve,DV-I,30,0.0135498046875,1.3549804687500002,node[32]
39,Nerve_ventral_root_T12_nerve_twelfth_thoracic_right_02 [Sensory MRG Neuron 10.00um]  (Ventral_Root_Nerves_(T7-L2)_10um),Sensory MRG Neuron,10.00um,T12_nerve,DV-I,30,0.013671875,1.3671875000000002,node[44]
36,Nerve_ventral_root_T12_nerve_twelfth_thoracic_right_01 [Sensory MRG Neuron 10.00um]  (Ventral_Root_Nerves_(T7-L2)_10um),Sensory MRG Neuron,10.00um,T12_nerve,DV-I,30,0.0137939453125,1.37939453125,node[44]
41,Nerve_ventral_root_T12_nerve_twelfth_thoracic_right_02 [Sensory MRG Neuron 20.00um]  (Ventral_Root_Nerves_(T7-L2)_20um),Sensory MRG Neuron,20.00um,T12_nerve,DV-I,30,0.0157470703125,1.57470703125,node[27]
38,Nerve_ventral_root_T12_nerve_twelfth_thoracic_right_01 [Sensory MRG Neuron 20.00um]  (Ventral_Root_Nerves_(T7-L2)_20um),Sensory MRG Neuron,20.00um,T12_nerve,DV-I,30,0.0157470703125,1.57470703125,node[26]
86,Ventral_root_L1_nerve_genitofemoral_left_01 [Sensory MRG Neuron 20.00um]  (Ventral_Root_Nerves_(T7-L2)_20um),Sensory MRG Neuron,20.00um,L1_nerve,DV-I,30,0.015869140625,1.5869140625,node[186]
122,Ventral_root_L2_nerve_genitofemoral_left_01 [Sensory MRG Neuron 20.00um]  (Ventral_Root_Nerves_(T7-L2)_20um),Sensory MRG Neuron,20.00um,L2_nerve,DV-I,30,0.0159912109375,1.5991210937500002,node[182]
85,Ventral_root_L1_nerve_genitofemoral_left_01 [Sensory MRG Neuron 15.00um]  (Ventral_Root_Nerves_(T7-L2)_15um),Sensory MRG Neuron,15.00um,L1_nerve,DV-I,30,0.0174560546875,1.74560546875,node[220]
121,Ventral_root_L2_nerve_genitofemoral_left_01 [Sensory MRG Neuron 15.00um]  (Ventral_Root_Nerves_(T7-L2)_15um),Sensory MRG Neuron,15.00um,L2_nerve,DV-I,30,0.017822265625,1.7822265625000002,node[216]
34,Nerve_ventral_root_T12_nerve_twelfth_thoracic_left_03 [Sensory MRG Neuron 15.00um]  (Ventral_Root_Nerves_(T7-L2)_15um),Sensory MRG Neuron,15.00um,T12_nerve,DV-I,30,0.019287109375,1.9287109375,node[17]
35,Nerve_ventral_root_T12_nerve_twelfth_thoracic_left_03 [Sensory MRG Neuron 20.00um]  (Ventral_Root_Nerves_(T7-L2)_20um),Sensory MRG Neuron,20.00um,T12_nerve,DV-I,30,0.02001953125,2.0019531250000004,node[14]
11,Nerve_ventral_root_T10_nerve_tenth_thoracic_right_02 [Sensory MRG Neuron 20.00um]  (Ventral_Root_Nerves_(T7-L2)_20um),Sensory MRG Neuron,20.00um,T10_nerve,DV-I,30,0.020751953125,2.0751953125,node[10]
8,Nerve_ventral_root_T10_nerve_tenth_thoracic_right_01 [Sensory MRG Neuron 20.00um]  (Ventral_Root_Nerves_(T7-L2)_20um),Sensory MRG Neuron,20.00um,T10_nerve,DV-I,30,0.0208740234375,2.08740234375,node[11]
29,Nerve_ventral_root_T12_nerve_twelfth_thoracic_left_01 [Sensory MRG Neuron 20.00um]  (Ventral_Root_Nerves_(T7-L2)_20um),Sensory MRG Neuron,20.00um,T12_nerve,DV-I,30,0.0218505859375,2.1850585937500004,node[25]
84,Ventral_root_L1_nerve_genitofemoral_left_01 [Sensory MRG Neuron 10.00um]  (Ventral_Root_Nerves_(T7-L2)_10um),Sensory MRG Neuron,10.00um,L1_nerve,DV-I,30,0.02197265625,2.197265625,node[300]
2,Nerve_ventral_root_T10_nerve_tenth_thoracic_left_01 [Sensory MRG Neuron 20.00um]  (Ventral_Root_Nerves_(T7-L2)_20um),Sensory MRG Neuron,20.00um,T10_nerve,DV-I,30,0.0220947265625,2.20947265625,node[11]
32,Nerve_ventral_root_T12_nerve_twelfth_thoracic_left_02 [Sensory MRG Neuron 20.00um]  (Ventral_Root_Nerves_(T7-L2)_20um),Sensory MRG Neuron,20.00um,T12_nerve,DV-I,30,0.0220947265625,2.20947265625,node[25]
120,Ventral_root_L2_nerve_genitofemoral_left_01 [Sensory MRG Neuron 10.00um]  (Ventral_Root_Nerves_(T7-L2)_10um),Sensory MRG Neuron,10.00um,L2_nerve,DV-I,30,0.022216796875,2.2216796875,node[295]
5,Nerve_ventral_root_T10_nerve_tenth_thoracic_left_02 [Sensory MRG Neuron 20.00um]  (Ventral_Root_Nerves_(T7-L2)_20um),Sensory MRG Neuron,20.00um,T10_nerve,DV-I,30,0.0223388671875,2.23388671875,node[11]
33,Nerve_ventral_root_T12_nerve_twelfth_thoracic_left_03 [Sensory MRG Neuron 10.00um]  (Ventral_Root_Nerves_(T7-L2)_10um),Sensory MRG Neuron,10.00um,T12_nerve,DV-I,30,0.0228271484375,2.28271484375,node[24]
27,Nerve_ventral_root_T12_nerve_twelfth_thoracic_left_01 [Sensory MRG Neuron 10.00um]  (Ventral_Root_Nerves_(T7-L2)_10um),Sensory MRG Neuron,10.00um,T12_nerve,DV-I,30,0.02294921875,2.294921875,node[40]
10,Nerve_ventral_root_T10_nerve_tenth_thoracic_right_02 [Sensory MRG Neuron 15.00um]  (Ventral_Root_Nerves_(T7-L2)_15um),Sensory MRG Neuron,15.00um,T10_nerve,DV-I,30,0.0230712890625,2.3071289062500004,node[13]
7,Nerve_ventral_root_T10_nerve_tenth_thoracic_right_01 [Sensory MRG Neuron 15.00um]  (Ventral_Root_Nerves_(T7-L2)_15um),Sensory MRG Neuron,15.00um,T10_nerve,DV-I,30,0.0230712890625,2.3071289062500004,node[13]
16,Nerve_ventral_root_T11_nerve_eleventh_thoracic_left_02 [Sensory MRG Neuron 15.00um]  (Ventral_Root_Nerves_(T7-L2)_15um),Sensory MRG Neuron,15.00um,T11_nerve,DV-I,30,0.0233154296875,2.33154296875,node[10]
30,Nerve_ventral_root_T12_nerve_twelfth_thoracic_left_02 [Sensory MRG Neuron 10.00um]  (Ventral_Root_Nerves_(T7-L2)_10um),Sensory MRG Neuron,10.00um,T12_nerve,DV-I,30,0.0234375,2.3437500000000004,node[39]
13,Nerve_ventral_root_T11_nerve_eleventh_thoracic_left_01 [Sensory MRG Neuron 15.00um]  (Ventral_Root_Nerves_(T7-L2)_15um),Sensory MRG Neuron,15.00um,T11_nerve,DV-I,30,0.0234375,2.3437500000000004,node[11]
31,Nerve_ventral_root_T12_nerve_twelfth_thoracic_left_02 [Sensory MRG Neuron 15.00um]  (Ventral_Root_Nerves_(T7-L2)_15um),Sensory MRG Neuron,15.00um,T12_nerve,DV-I,30,0.0234375,2.3437500000000004,node[29]
28,Nerve_ventral_root_T12_nerve_twelfth_thoracic_left_01 [Sensory MRG Neuron 15.00um]  (Ventral_Root_Nerves_(T7-L2)_15um),Sensory MRG Neuron,15.00um,T12_nerve,DV-I,30,0.0235595703125,2.35595703125,node[29]
19,Nerve_ventral_root_T11_nerve_eleventh_thoracic_left_03 [Sensory MRG Neuron 15.00um]  (Ventral_Root_Nerves_(T7-L2)_15um),Sensory MRG Neuron,15.00um,T11_nerve,DV-I,30,0.0238037109375,2.38037109375,node[11]
1,Nerve_ventral_root_T10_nerve_tenth_thoracic_left_01 [Sensory MRG Neuron 15.00um]  (Ventral_Root_Nerves_(T7-L2)_15um),Sensory MRG Neuron,15.00um,T10_nerve,DV-I,30,0.02490234375,2.4902343750000004,node[14]
6,Nerve_ventral_root_T10_nerve_tenth_thoracic_right_01 [Sensory MRG Neuron 10.00um]  (Ventral_Root_Nerves_(T7-L2)_10um),Sensory MRG Neuron,10.00um,T10_nerve,DV-I,30,0.025146484375,2.5146484375,node[18]
4,Nerve_ventral_root_T10_nerve_tenth_thoracic_left_02 [Sensory MRG Neuron 15.00um]  (Ventral_Root_Nerves_(T7-L2)_15um),Sensory MRG Neuron,15.00um,T10_nerve,DV-I,30,0.025146484375,2.5146484375,node[15]
9,Nerve_ventral_root_T10_nerve_tenth_thoracic_right_02 [Sensory MRG Neuron 10.00um]  (Ventral_Root_Nerves_(T7-L2)_10um),Sensory MRG Neuron,10.00um,T10_nerve,DV-I,30,0.025390625,2.5390625,node[19]
76,Nerve_ventral_root_T9_nerve_ninth_thoracic_left_02 [Sensory MRG Neuron 15.00um]  (Ventral_Root_Nerves_(T7-L2)_15um),Sensory MRG Neuron,15.00um,T9_nerve,DV-I,30,0.02587890625,2.5878906250000004,node[10]
73,Nerve_ventral_root_T9_nerve_ninth_thoracic_left_01 [Sensory MRG Neuron 15.00um]  (Ventral_Root_Nerves_(T7-L2)_15um),Sensory MRG Neuron,15.00um,T9_nerve,DV-I,30,0.02587890625,2.5878906250000004,node[10]
77,Nerve_ventral_root_T9_nerve_ninth_thoracic_left_02 [Sensory MRG Neuron 20.00um]  (Ventral_Root_Nerves_(T7-L2)_20um),Sensory MRG Neuron,20.00um,T9_nerve,DV-I,30,0.026611328125,2.6611328125,node[8]
74,Nerve_ventral_root_T9_nerve_ninth_thoracic_left_01 [Sensory MRG Neuron 20.00um]  (Ventral_Root_Nerves_(T7-L2)_20um),Sensory MRG Neuron,20.00um,T9_nerve,DV-I,30,0.026611328125,2.6611328125,node[8]
14,Nerve_ventral_root_T11_nerve_eleventh_thoracic_left_01 [Sensory MRG Neuron 20.00um]  (Ventral_Root_Nerves_(T7-L2)_20um),Sensory MRG Neuron,20.00um,T11_nerve,DV-I,30,0.02685546875,2.685546875,node[9]
17,Nerve_ventral_root_T11_nerve_eleventh_thoracic_left_02 [Sensory MRG Neuron 20.00um]  (Ventral_Root_Nerves_(T7-L2)_20um),Sensory MRG Neuron,20.00um,T11_nerve,DV-I,30,0.02685546875,2.685546875,node[10]
72,Nerve_ventral_root_T9_nerve_ninth_thoracic_left_01 [Sensory MRG Neuron 10.00um]  (Ventral_Root_Nerves_(T7-L2)_10um),Sensory MRG Neuron,10.00um,T9_nerve,DV-I,30,0.027099609375,2.7099609375000004,node[14]
20,Nerve_ventral_root_T11_nerve_eleventh_thoracic_left_03 [Sensory MRG Neuron 20.00um]  (Ventral_Root_Nerves_(T7-L2)_20um),Sensory MRG Neuron,20.00um,T11_nerve,DV-I,30,0.027099609375,2.7099609375000004,node[10]
75,Nerve_ventral_root_T9_nerve_ninth_thoracic_left_02 [Sensory MRG Neuron 10.00um]  (Ventral_Root_Nerves_(T7-L2)_10um),Sensory MRG Neuron,10.00um,T9_nerve,DV-I,30,0.02734375,2.7343750000000004,node[14]
80,Nerve_ventral_root_T9_nerve_ninth_thoracic_right_01 [Sensory MRG Neuron 20.00um]  (Ventral_Root_Nerves_(T7-L2)_20um),Sensory MRG Neuron,20.00um,T9_nerve,DV-I,30,0.02783203125,2.783203125,node[8]
83,Nerve_ventral_root_T9_nerve_ninth_thoracic_right_02 [Sensory MRG Neuron 20.00um]  (Ventral_Root_Nerves_(T7-L2)_20um),Sensory MRG Neuron,20.00um,T9_nerve,DV-I,30,0.02783203125,2.783203125,node[8]
18,Nerve_ventral_root_T11_nerve_eleventh_thoracic_left_03 [Sensory MRG Neuron 10.00um]  (Ventral_Root_Nerves_(T7-L2)_10um),Sensory MRG Neuron,10.00um,T11_nerve,DV-I,30,0.028076171875,2.8076171875,node[14]
15,Nerve_ventral_root_T11_nerve_eleventh_thoracic_left_02 [Sensory MRG Neuron 10.00um]  (Ventral_Root_Nerves_(T7-L2)_10um),Sensory MRG Neuron,10.00um,T11_nerve,DV-I,30,0.028076171875,2.8076171875,node[14]
12,Nerve_ventral_root_T11_nerve_eleventh_thoracic_left_01 [Sensory MRG Neuron 10.00um]  (Ventral_Root_Nerves_(T7-L2)_10um),Sensory MRG Neuron,10.00um,T11_nerve,DV-I,30,0.0283203125,2.8320312500000004,node[15]
79,Nerve_ventral_root_T9_nerve_ninth_thoracic_right_01 [Sensory MRG Neuron 15.00um]  (Ventral_Root_Nerves_(T7-L2)_15um),Sensory MRG Neuron,15.00um,T9_nerve,DV-I,30,0.02978515625,2.9785156250000004,node[10]
82,Nerve_ventral_root_T9_nerve_ninth_thoracic_right_02 [Sensory MRG Neuron 15.00um]  (Ventral_Root_Nerves_(T7-L2)_15um),Sensory MRG Neuron,15.00um,T9_nerve,DV-I,30,0.0302734375,3.02734375,node[11]
55,Nerve_ventral_root_T7_nerve_seventh_thoracic_right_01 [Sensory MRG Neuron 15.00um]  (Ventral_Root_Nerves_(T7-L2)_15um),Sensory MRG Neuron,15.00um,T7_nerve,DV-I,30,0.03125,3.125,node[7]
58,Nerve_ventral_root_T7_nerve_seventh_thoracic_right_02 [Sensory MRG Neuron 15.00um]  (Ventral_Root_Nerves_(T7-L2)_15um),Sensory MRG Neuron,15.00um,T7_nerve,DV-I,30,0.03125,3.125,node[8]
95,Ventral_root_L1_nerve_iliohypogastric_right_01 [Sensory MRG Neuron 20.00um]  (Ventral_Root_Nerves_(T7-L2)_20um),Sensory MRG Neuron,20.00um,L1_nerve,DV-I,30,0.031982421875,3.1982421875000004,node[102]
0,Nerve_ventral_root_T10_nerve_tenth_thoracic_left_01 [Sensory MRG Neuron 10.00um]  (Ventral_Root_Nerves_(T7-L2)_10um),Sensory MRG Neuron,10.00um,T10_nerve,DV-I,30,0.03271484375,3.271484375,node[21]
94,Ventral_root_L1_nerve_iliohypogastric_right_01 [Sensory MRG Neuron 15.00um]  (Ventral_Root_Nerves_(T7-L2)_15um),Sensory MRG Neuron,15.00um,L1_nerve,DV-I,30,0.032958984375,3.2958984375,node[122]
3,Nerve_ventral_root_T10_nerve_tenth_thoracic_left_02 [Sensory MRG Neuron 10.00um]  (Ventral_Root_Nerves_(T7-L2)_10um),Sensory MRG Neuron,10.00um,T10_nerve,DV-I,30,0.033203125,3.3203125000000004,node[21]
51,Nerve_ventral_root_T7_nerve_seventh_thoracic_left_02 [Sensory MRG Neuron 10.00um]  (Ventral_Root_Nerves_(T7-L2)_10um),Sensory MRG Neuron,10.00um,T7_nerve,DV-I,30,0.0341796875,3.41796875,node[21]
48,Nerve_ventral_root_T7_nerve_seventh_thoracic_left_01 [Sensory MRG Neuron 10.00um]  (Ventral_Root_Nerves_(T7-L2)_10um),Sensory MRG Neuron,10.00um,T7_nerve,DV-I,30,0.0341796875,3.41796875,node[21]
78,Nerve_ventral_root_T9_nerve_ninth_thoracic_right_01 [Sensory MRG Neuron 10.00um]  (Ventral_Root_Nerves_(T7-L2)_10um),Sensory MRG Neuron,10.00um,T9_nerve,DV-I,30,0.0361328125,3.61328125,node[15]
81,Nerve_ventral_root_T9_nerve_ninth_thoracic_right_02 [Sensory MRG Neuron 10.00um]  (Ventral_Root_Nerves_(T7-L2)_10um),Sensory MRG Neuron,10.00um,T9_nerve,DV-I,30,0.0361328125,3.61328125,node[15]
49,Nerve_ventral_root_T7_nerve_seventh_thoracic_left_01 [Sensory MRG Neuron 15.00um]  (Ventral_Root_Nerves_(T7-L2)_15um),Sensory MRG Neuron,15.00um,T7_nerve,DV-I,30,0.036376953125,3.6376953125,node[13]
93,Ventral_root_L1_nerve_iliohypogastric_right_01 [Sensory MRG Neuron 10.00um]  (Ventral_Root_Nerves_(T7-L2)_10um),Sensory MRG Neuron,10.00um,L1_nerve,DV-I,30,0.03662109375,3.662109375,node[166]
57,Nerve_ventral_root_T7_nerve_seventh_thoracic_right_02 [Sensory MRG Neuron 10.00um]  (Ventral_Root_Nerves_(T7-L2)_10um),Sensory MRG Neuron,10.00um,T7_nerve,DV-I,30,0.03662109375,3.662109375,node[11]
54,Nerve_ventral_root_T7_nerve_seventh_thoracic_right_01 [Sensory MRG Neuron 10.00um]  (Ventral_Root_Nerves_(T7-L2)_10um),Sensory MRG Neuron,10.00um,T7_nerve,DV-I,30,0.03662109375,3.662109375,node[11]
52,Nerve_ventral_root_T7_nerve_seventh_thoracic_left_02 [Sensory MRG Neuron 15.00um]  (Ventral_Root_Nerves_(T7-L2)_15um),Sensory MRG Neuron,15.00um,T7_nerve,DV-I,30,0.03662109375,3.662109375,node[15]
56,Nerve_ventral_root_T7_nerve_seventh_thoracic_right_01 [Sensory MRG Neuron 20.00um]  (Ventral_Root_Nerves_(T7-L2)_20um),Sensory MRG Neuron,20.00um,T7_nerve,DV-I,30,0.03759765625,3.759765625,node[0]
59,Nerve_ventral_root_T7_nerve_seventh_thoracic_right_02 [Sensory MRG Neuron 20.00um]  (Ventral_Root_Nerves_(T7-L2)_20um),Sensory MRG Neuron,20.00um,T7_nerve,DV-I,30,0.0380859375,3.8085937500000004,node[4]
63,Nerve_ventral_root_T8_nerve_eighth_thoracic_left_02 [Sensory MRG Neuron 10.00um]  (Ventral_Root_Nerves_(T7-L2)_10um),Sensory MRG Neuron,10.00um,T8_nerve,DV-I,30,0.039306640625,3.9306640625000004,node[17]
60,Nerve_ventral_root_T8_nerve_eighth_thoracic_left_01 [Sensory MRG Neuron 10.00um]  (Ventral_Root_Nerves_(T7-L2)_10um),Sensory MRG Neuron,10.00um,T8_nerve,DV-I,30,0.039306640625,3.9306640625000004,node[18]
61,Nerve_ventral_root_T8_nerve_eighth_thoracic_left_01 [Sensory MRG Neuron 15.00um]  (Ventral_Root_Nerves_(T7-L2)_15um),Sensory MRG Neuron,15.00um,T8_nerve,DV-I,30,0.0400390625,4.003906250000001,node[11]
64,Nerve_ventral_root_T8_nerve_eighth_thoracic_left_02 [Sensory MRG Neuron 15.00um]  (Ventral_Root_Nerves_(T7-L2)_15um),Sensory MRG Neuron,15.00um,T8_nerve,DV-I,30,0.040283203125,4.0283203125,node[12]
44,Nerve_ventral_root_T12_nerve_twelfth_thoracic_right_03 [Sensory MRG Neuron 20.00um]  (Ventral_Root_Nerves_(T7-L2)_20um),Sensory MRG Neuron,20.00um,T12_nerve,DV-I,30,0.04052734375,4.052734375,node[10]
45,Nerve_ventral_root_T12_nerve_twelfth_thoracic_right_04 [Sensory MRG Neuron 10.00um]  (Ventral_Root_Nerves_(T7-L2)_10um),Sensory MRG Neuron,10.00um,T12_nerve,DV-I,30,0.040771484375,4.0771484375,node[15]
42,Nerve_ventral_root_T12_nerve_twelfth_thoracic_right_03 [Sensory MRG Neuron 10.00um]  (Ventral_Root_Nerves_(T7-L2)_10um),Sensory MRG Neuron,10.00um,T12_nerve,DV-I,30,0.040771484375,4.0771484375,node[15]
47,Nerve_ventral_root_T12_nerve_twelfth_thoracic_right_04 [Sensory MRG Neuron 20.00um]  (Ventral_Root_Nerves_(T7-L2)_20um),Sensory MRG Neuron,20.00um,T12_nerve,DV-I,30,0.040771484375,4.0771484375,node[10]
62,Nerve_ventral_root_T8_nerve_eighth_thoracic_left_01 [Sensory MRG Neuron 20.00um]  (Ventral_Root_Nerves_(T7-L2)_20um),Sensory MRG Neuron,20.00um,T8_nerve,DV-I,30,0.041259765625,4.125976562500001,node[9]
65,Nerve_ventral_root_T8_nerve_eighth_thoracic_left_02 [Sensory MRG Neuron 20.00um]  (Ventral_Root_Nerves_(T7-L2)_20um),Sensory MRG Neuron,20.00um,T8_nerve,DV-I,30,0.041259765625,4.125976562500001,node[9]
66,Nerve_ventral_root_T8_nerve_eighth_thoracic_right_01 [Sensory MRG Neuron 10.00um]  (Ventral_Root_Nerves_(T7-L2)_10um),Sensory MRG Neuron,10.00um,T8_nerve,DV-I,30,0.04150390625,4.150390625,node[23]
69,Nerve_ventral_root_T8_nerve_eighth_thoracic_right_02 [Sensory MRG Neuron 10.00um]  (Ventral_Root_Nerves_(T7-L2)_10um),Sensory MRG Neuron,10.00um,T8_nerve,DV-I,30,0.04345703125,4.345703125,node[23]
70,Nerve_ventral_root_T8_nerve_eighth_thoracic_right_02 [Sensory MRG Neuron 15.00um]  (Ventral_Root_Nerves_(T7-L2)_15um),Sensory MRG Neuron,15.00um,T8_nerve,DV-I,30,0.0458984375,4.58984375,node[16]
68,Nerve_ventral_root_T8_nerve_eighth_thoracic_right_01 [Sensory MRG Neuron 20.00um]  (Ventral_Root_Nerves_(T7-L2)_20um),Sensory MRG Neuron,20.00um,T8_nerve,DV-I,30,0.046142578125,4.614257812500001,node[13]
50,Nerve_ventral_root_T7_nerve_seventh_thoracic_left_01 [Sensory MRG Neuron 20.00um]  (Ventral_Root_Nerves_(T7-L2)_20um),Sensory MRG Neuron,20.00um,T7_nerve,DV-I,30,0.046142578125,4.614257812500001,node[11]
53,Nerve_ventral_root_T7_nerve_seventh_thoracic_left_02 [Sensory MRG Neuron 20.00um]  (Ventral_Root_Nerves_(T7-L2)_20um),Sensory MRG Neuron,20.00um,T7_nerve,DV-I,30,0.04638671875,4.638671875,node[12]
67,Nerve_ventral_root_T8_nerve_eighth_thoracic_right_01 [Sensory MRG Neuron 15.00um]  (Ventral_Root_Nerves_(T7-L2)_15um),Sensory MRG Neuron,15.00um,T8_nerve,DV-I,30,0.04638671875,4.638671875,node[17]
71,Nerve_ventral_root_T8_nerve_eighth_thoracic_right_02 [Sensory MRG Neuron 20.00um]  (Ventral_Root_Nerves_(T7-L2)_20um),Sensory MRG Neuron,20.00um,T8_nerve,DV-I,30,0.046630859375,4.6630859375,node[13]
43,Nerve_ventral_root_T12_nerve_twelfth_thoracic_right_03 [Sensory MRG Neuron 15.00um]  (Ventral_Root_Nerves_(T7-L2)_15um),Sensory MRG Neuron,15.00um,T12_nerve,DV-I,30,0.04833984375,4.833984375,node[12]
46,Nerve_ventral_root_T12_nerve_twelfth_thoracic_right_04 [Sensory MRG Neuron 15.00um]  (Ventral_Root_Nerves_(T7-L2)_15um),Sensory MRG Neuron,15.00um,T12_nerve,DV-I,30,0.048583984375,4.858398437500001,node[12]
92,Ventral_root_L1_nerve_iliohypogastric_left_01 [Sensory MRG Neuron 20.00um]  (Ventral_Root_Nerves_(T7-L2)_20um),Sensory MRG Neuron,20.00um,L1_nerve,DV-I,30,0.05419921875,5.419921875000001,node[151]
91,Ventral_root_L1_nerve_iliohypogastric_left_01 [Sensory MRG Neuron 15.00um]  (Ventral_Root_Nerves_(T7-L2)_15um),Sensory MRG Neuron,15.00um,L1_nerve,DV-I,30,0.06494140625,6.494140625,node[180]
119,Ventral_root_L2_nerve_femoral_right_01 [Sensory MRG Neuron 20.00um]  (Ventral_Root_Nerves_(T7-L2)_20um),Sensory MRG Neuron,20.00um,L2_nerve,DV-I,30,0.06787109375,6.787109375,node[111]
118,Ventral_root_L2_nerve_femoral_right_01 [Sensory MRG Neuron 15.00um]  (Ventral_Root_Nerves_(T7-L2)_15um),Sensory MRG Neuron,15.00um,L2_nerve,DV-I,30,0.072265625,7.2265625,node[133]
117,Ventral_root_L2_nerve_femoral_right_01 [Sensory MRG Neuron 10.00um]  (Ventral_Root_Nerves_(T7-L2)_10um),Sensory MRG Neuron,10.00um,L2_nerve,DV-I,30,0.076171875,7.617187500000001,node[182]
90,Ventral_root_L1_nerve_iliohypogastric_left_01 [Sensory MRG Neuron 10.00um]  (Ventral_Root_Nerves_(T7-L2)_10um),Sensory MRG Neuron,10.00um,L1_nerve,DV-I,30,0.08984375,8.984375000000002,node[171]
125,Ventral_root_L2_nerve_genitofemoral_right_01 [Sensory MRG Neuron 20.00um]  (Ventral_Root_Nerves_(T7-L2)_20um),Sensory MRG Neuron,20.00um,L2_nerve,DV-I,30,0.09375,9.375000000000002,node[194]
89,Ventral_root_L1_nerve_genitofemoral_right_01 [Sensory MRG Neuron 20.00um]  (Ventral_Root_Nerves_(T7-L2)_20um),Sensory MRG Neuron,20.00um,L1_nerve,DV-I,30,0.09423828125,9.423828125,node[198]
115,Ventral_root_L2_nerve_femoral_left_01 [Sensory MRG Neuron 15.00um]  (Ventral_Root_Nerves_(T7-L2)_15um),Sensory MRG Neuron,15.00um,L2_nerve,DV-I,30,0.09765625,9.765625,node[37]
113,Ventral_root_L2_L3_L4_nerve_obturator_right_01 [Sensory MRG Neuron 20.00um]  (Ventral_Root_Nerves_(T7-L2)_20um),Sensory MRG Neuron,20.00um,L2_L3,DV-I,30,0.103515625,10.351562500000002,node[0]
124,Ventral_root_L2_nerve_genitofemoral_right_01 [Sensory MRG Neuron 15.00um]  (Ventral_Root_Nerves_(T7-L2)_15um),Sensory MRG Neuron,15.00um,L2_nerve,DV-I,30,0.1044921875,10.449218750000002,node[210]
88,Ventral_root_L1_nerve_genitofemoral_right_01 [Sensory MRG Neuron 15.00um]  (Ventral_Root_Nerves_(T7-L2)_15um),Sensory MRG Neuron,15.00um,L1_nerve,DV-I,30,0.1064453125,10.64453125,node[216]
116,Ventral_root_L2_nerve_femoral_left_01 [Sensory MRG Neuron 20.00um]  (Ventral_Root_Nerves_(T7-L2)_20um),Sensory MRG Neuron,20.00um,L2_nerve,DV-I,30,0.109375,10.937500000000002,node[0]
114,Ventral_root_L2_nerve_femoral_left_01 [Sensory MRG Neuron 10.00um]  (Ventral_Root_Nerves_(T7-L2)_10um),Sensory MRG Neuron,10.00um,L2_nerve,DV-I,30,0.1123046875,11.23046875,node[50]
112,Ventral_root_L2_L3_L4_nerve_obturator_right_01 [Sensory MRG Neuron 15.00um]  (Ventral_Root_Nerves_(T7-L2)_15um),Sensory MRG Neuron,15.00um,L2_L3,DV-I,30,0.134765625,13.4765625,node[0]
123,Ventral_root_L2_nerve_genitofemoral_right_01 [Sensory MRG Neuron 10.00um]  (Ventral_Root_Nerves_(T7-L2)_10um),Sensory MRG Neuron,10.00um,L2_nerve,DV-I,30,0.1396484375,13.96484375,node[287]
87,Ventral_root_L1_nerve_genitofemoral_right_01 [Sensory MRG Neuron 10.00um]  (Ventral_Root_Nerves_(T7-L2)_10um),Sensory MRG Neuron,10.00um,L1_nerve,DV-I,30,0.15234375,15.234375000000002,node[295]
111,Ventral_root_L2_L3_L4_nerve_obturator_right_01 [Sensory MRG Neuron 10.00um]  (Ventral_Root_Nerves_(T7-L2)_10um),Sensory MRG Neuron,10.00um,L2_L3,DV-I,30,0.220703125,22.0703125,node[0]
