TrialNum,FileName,Config,Block,AUC_RTA,AUC_LTA,AUC_RRF,AUC_LRF
1,test2_jan08_2026_Trial_045.csv,Config1,63_noStim,0.000106046931075972,0.000533732930869232,5.36529310656951e-05,6.42403063985032e-05
2,test2_jan08_2026_Trial_046.csv,Config1,63_noStim,0.000351547028594001,0.00124512149652935,1.39090733748544e-05,0.000354610088157416
3,test2_jan08_2026_Trial_047.csv,Config1,63_noStim,0.00128658184731747,0.000931561091324815,0.000115098587168586,5.19766748861558e-05
4,test2_jan08_2026_Trial_048.csv,Config1,63_noStim,2.06551447171021e-05,0.00127817620987815,2.16777020794751e-05,5.65734568845908e-05
5,test2_jan08_2026_Trial_049.csv,Config1,63_noStim,0.00103540133230185,0.00214209470573948,0.000125935173712293,4.65572837058896e-06
6,test2_jan08_2026_Trial_050.csv,Config1,63_noStim,0.000126282862019174,0.000666888768032773,6.15949174841928e-05,7.65387925170713e-06
7,test2_jan08_2026_Trial_051.csv,Config1,63_noStim,7.35917798529347e-05,0.00140464661744729,5.95511908828516e-05,2.95725617319393e-05
8,test2_jan08_2026_Trial_052.csv,Config1,63_noStim,7.12493734502634e-05,0.00246461844608806,0.000266180890220318,0.000232682122324632
9,test2_jan08_2026_Trial_053.csv,Config1,63_noStim,0.000984129845861412,0.00264267790414858,0.000254519568757505,7.43430274636334e-05
10,test2_jan08_2026_Trial_054.csv,Config1,63_noStim,7.78595697247716e-05,0.00191920578128449,1.89417288800234e-06,2.5309789616544e-05
11,test2_jan08_2026_Trial_055.csv,Config1,76_noStim,0.00103928161565223,0.00125298065466018,0.00039335942198239,0.000165946656404944
12,test2_jan08_2026_Trial_056.csv,Config1,76_noStim,0.00115483652526372,0.00170821968996119,0.000182939796770732,0.00013194159350115
13,test2_jan08_2026_Trial_057.csv,Config1,76_noStim,0.00137911382082288,0.00354035229175618,0.000466806895718189,0.000219745108047349
14,test2_jan08_2026_Trial_058.csv,Config1,76_noStim,0.00156275121981097,0.00502085369482485,0.000661969043129116,0.000301535408990761
15,test2_jan08_2026_Trial_059.csv,Config1,76_noStim,0.00101543886471596,0.00362313578445975,0.000279307165612589,0.000140027773662176
16,test2_jan08_2026_Trial_060.csv,Config1,76_noStim,0.00244794508429702,0.00420875559463838,0.000958867292862257,0.000339442348254921
17,test2_jan08_2026_Trial_061.csv,Config1,76_noStim,0.00101165021932361,0.00351649692407845,0.00054436532478761,0.000562733533386115
18,test2_jan08_2026_Trial_062.csv,Config1,76_noStim,0.000794456070220471,0.00451154278972224,0.000366400187593141,0.000200121853843939
19,test2_jan08_2026_Trial_063.csv,Config1,76_noStim,0.00132390086731285,0.00340294420231787,0.000699142579979464,0.000559855857353876
20,test2_jan08_2026_Trial_064.csv,Config1,76_noStim,0.00195504065880873,0.00426725851626454,0.000918443219523975,0.000376796788717648
21,test2_jan08_2026_Trial_065.csv,Config1,76_stim,0.00264224094232894,0.00691169655330587,0.00031762785821619,0.000686418932421191
22,test2_jan08_2026_Trial_066.csv,Config1,76_stim,0.00343780574478858,0.00446647185949781,0.000649550424803271,0.0008821648872741
23,test2_jan08_2026_Trial_067.csv,Config1,76_stim,0.00160434915627242,0.00421991514995709,-0.000715432355782802,-0.000369684823723891
24,test2_jan08_2026_Trial_068.csv,Config1,76_stim,0.00151108745686152,0.00515340504435141,0.000803927275622387,0.000748534168350122
25,test2_jan08_2026_Trial_069.csv,Config1,76_stim,0.00220964278061348,0.00459971626166924,0.000951482589100253,0.00143319558650261
26,test2_jan08_2026_Trial_070.csv,Config1,76_stim,0.00172243598990708,0.00455435417242122,0.000807112837933848,0.000501210830610774
27,test2_jan08_2026_Trial_071.csv,Config1,76_stim,0.00145970275969214,0.00429478181739864,0.000850993672387247,0.000476482014688934
28,test2_jan08_2026_Trial_072.csv,Config1,76_stim,0.00193355184458835,0.00362979914858041,0.00095902232984399,0.000258711600289114
29,test2_jan08_2026_Trial_073.csv,Config1,76_stim,0.00230394917242657,0.00503276701919899,0.000607520082983878,0.000882765953281267
30,test2_jan08_2026_Trial_074.csv,Config1,76_stim,0.00202126127036977,0.0048486059400999,0.000877978019377161,0.000490584338903153
31,test2_jan08_2026_Trial_075.csv,Config1,63_stim,0.000126015376284324,0.00117516394689541,0.000360942292176378,0.000342532926171689
32,test2_jan08_2026_Trial_076.csv,Config1,63_stim,0.001599340914869,0.0025764950161268,0.000296986833194618,0.000308957474939059
33,test2_jan08_2026_Trial_077.csv,Config1,63_stim,0.00108338893954082,0.00230864241129143,0.000294072764504928,0.000254227400903743
34,test2_jan08_2026_Trial_078.csv,Config1,63_stim,9.1952993773098e-05,0.00182291726216152,-3.81488875353551e-05,2.92603593113482e-05
35,test2_jan08_2026_Trial_079.csv,Config1,63_stim,4.52349510016699e-05,0.00252363404052934,-0.000610069159701777,-0.000561072915394945
36,test2_jan08_2026_Trial_080.csv,Config1,63_stim,4.85990303596831e-06,0.000442335587279233,0.000224515358677992,0.00014913334591852
37,test2_jan08_2026_Trial_081.csv,Config1,63_stim,0.000445833305029529,0.00254791328175849,-0.000324857391437857,-3.43646289314844e-05
38,test2_jan08_2026_Trial_082.csv,Config1,63_stim,8.14723246507941e-05,0.0022900300525924,7.46829806431912e-05,8.53108423589854e-05
39,test2_jan08_2026_Trial_083.csv,Config1,63_stim,0.000103380743205213,0.00384232175445795,0.000315997115099627,0.000282680639650271
40,test2_jan08_2026_Trial_084.csv,Config1,63_stim,4.54125611210242e-05,0.00187668582664131,-0.000497153476160648,-0.000551068784843556
41,test2_jan08_2026_Trial_085.csv,Config2,63_noStim,0.000115266974046561,0.000751627608568695,3.14460504384143e-05,0.00020812565518018
42,test2_jan08_2026_Trial_086.csv,Config2,63_noStim,6.19888259871856e-05,0.00040707946973419,0.000499663327001913,0.000108428577864045
43,test2_jan08_2026_Trial_087.csv,Config2,63_noStim,-4.33441550146494e-06,0.000512572884770101,-8.82096384692302e-06,5.37282407784118e-06
44,test2_jan08_2026_Trial_088.csv,Config2,63_noStim,2.59229960069328e-05,0.00101888489919961,0.000364949818813221,8.54910058724969e-05
45,test2_jan08_2026_Trial_089.csv,Config2,63_noStim,2.32645645610833e-05,0.000424894333202569,0.000165885969064395,1.89047672963516e-05
46,test2_jan08_2026_Trial_090.csv,Config2,63_noStim,7.57715662746563e-05,0.000522134153890302,0.000166152401292161,9.8965329882119e-05
47,test2_jan08_2026_Trial_091.csv,Config2,63_noStim,1.01604005782582e-05,0.000786726262815399,3.69577281077168e-05,-8.89089955422139e-06
48,test2_jan08_2026_Trial_092.csv,Config2,63_noStim,7.6554323838375e-05,0.00234888968625308,0.000382382112433681,0.000926310376571173
49,test2_jan08_2026_Trial_093.csv,Config2,63_noStim,0.000903159039784476,0.00247920967177487,0.000608475655593615,6.24552480486344e-06
50,test2_jan08_2026_Trial_094.csv,Config2,63_noStim,6.34532292750842e-05,0.00023867920836943,0.000194607690311545,6.37358942586253e-05
51,test2_jan08_2026_Trial_095.csv,Config2,76_noStim,0.00153544729040741,0.00534882713982324,0.000728750807792516,0.000605083245280844
52,test2_jan08_2026_Trial_096.csv,Config2,76_noStim,0.00170781884145236,0.00159816900870906,0.000793752987240742,0.000846344183855687
53,test2_jan08_2026_Trial_097.csv,Config2,76_noStim,0.00216014175701648,0.00325487801476714,0.000742121429912557,0.000455470427455062
54,test2_jan08_2026_Trial_098.csv,Config2,76_noStim,0.00161428704149886,0.00342270036978287,0.000944880470589984,0.00151739994573144
55,test2_jan08_2026_Trial_099.csv,Config2,76_noStim,0.00192969546257405,0.00351307129901268,0.0007359699854089,0.00154410927642563
56,test2_jan08_2026_Trial_100.csv,Config2,76_noStim,0.00173215120975422,0.00316153559526159,0.000951444611471124,0.000559116244136136
57,test2_jan08_2026_Trial_101.csv,Config2,76_noStim,0.00125713711275813,0.00294939366899416,0.00109722961287529,0.00123245344915083
58,test2_jan08_2026_Trial_102.csv,Config2,76_noStim,0.00106694518515227,0.00128662418102673,0.00101258900251141,0.000185075296013998
59,test2_jan08_2026_Trial_103.csv,Config2,76_noStim,0.00148432155793673,0.00138494240564343,0.000942568619503684,0.000640618905814494
60,test2_jan08_2026_Trial_104.csv,Config2,76_noStim,0.000919867751577429,0.00249929604184817,0.000734121170834019,0.000118476539888421
61,test2_jan08_2026_Trial_105.csv,Config2,76_stim,0.00282674741303148,0.00462803014949026,0.00123056071504199,0.000979837799576744
62,test2_jan08_2026_Trial_106.csv,Config2,76_stim,0.00106298402901641,0.0049569936388082,0.00010784646158278,0.00126241906331929
63,test2_jan08_2026_Trial_107.csv,Config2,76_stim,0.00229065907840902,0.00445611249355353,0.000555141622758858,0.000513317742124506
64,test2_jan08_2026_Trial_108.csv,Config2,76_stim,0.00140106816495912,0.00321104789020592,0.0003010114712974,0.00021340582522263
65,test2_jan08_2026_Trial_109.csv,Config2,76_stim,0.000779841119913495,0.00365134386616304,0.000184590443076898,0.000170566293693493
66,test2_jan08_2026_Trial_110.csv,Config2,76_stim,0.000926280928509632,0.00262432971537978,0.000649323273280806,0.000679252932063644
67,test2_jan08_2026_Trial_111.csv,Config2,76_stim,0.000972808038634521,0.00148799525013741,-2.02962622262663e-05,6.8316372307644e-05
68,test2_jan08_2026_Trial_112.csv,Config2,76_stim,0.000220125117719377,0.00147421675426734,0.000544371792313211,0.000306954533602082
69,test2_jan08_2026_Trial_113.csv,Config2,76_stim,8.78927909375254e-05,0.00277860249583924,-9.83443697045246e-05,0.000502127455735477
70,test2_jan08_2026_Trial_114.csv,Config2,76_stim,0.000921704744273816,0.00165718159117994,0.000371048211641026,0.000207719114680481
71,test2_jan08_2026_Trial_115.csv,Config2,63_stim,0.000990805241305644,0.00196843131659141,0.00104664235954246,0.000913083333116674
72,test2_jan08_2026_Trial_116.csv,Config2,63_stim,0.000989056560241413,0.000950162799375126,0.00021822512205372,0.000220941401123188
73,test2_jan08_2026_Trial_117.csv,Config2,63_stim,2.70420817968872e-05,0.000162588161661869,-0.000275411268591504,-0.000211920281396986
74,test2_jan08_2026_Trial_118.csv,Config2,63_stim,0.000209242372457882,0.000763389924118387,2.38301683383793e-05,5.23688236124429e-05
75,test2_jan08_2026_Trial_119.csv,Config2,63_stim,7.31415055707503e-06,0.00013102783436125,0.000301042432362863,6.81391647950088e-05
76,test2_jan08_2026_Trial_120.csv,Config2,63_stim,-1.04374475362151e-05,0.000215226051813454,7.59077939072798e-06,-8.91249003348508e-05
77,test2_jan08_2026_Trial_121.csv,Config2,63_stim,2.01643035971661e-05,0.000292134011132587,0.000116060440660101,0.000118194167387979
78,test2_jan08_2026_Trial_122.csv,Config2,63_stim,8.90465954205543e-06,0.00132068384936756,-0.000203992787753697,4.4924863571867e-05
79,test2_jan08_2026_Trial_123.csv,Config2,63_stim,-3.03744476642643e-05,0.000512303902132863,-9.43967737881491e-06,1.29202453920149e-05
80,test2_jan08_2026_Trial_124.csv,Config2,63_stim,0.00310137724917345,0.000346817990810565,0.000465134430607696,4.92326341720178e-05
81,test2_jan08_2026_Trial_125.csv,Config3,63_noStim,0.00133708348627998,0.0010651527137325,0.000857890547840854,0.00181995660652508
82,test2_jan08_2026_Trial_126.csv,Config3,63_noStim,0.000984563493416438,0.000359229768738651,6.60802323648488e-06,3.69860745944023e-05
83,test2_jan08_2026_Trial_127.csv,Config3,63_noStim,0.00206188188395739,0.000779944928293642,0.000308059635165318,0.000399332421496903
84,test2_jan08_2026_Trial_128.csv,Config3,63_noStim,6.14359004119589e-06,0.000330822919006351,6.37223164250746e-05,8.81001217776031e-06
85,test2_jan08_2026_Trial_129.csv,Config3,63_noStim,0.00211344747860055,0.00243575832405689,0.00195157756777311,0.000298626366778487
86,test2_jan08_2026_Trial_130.csv,Config3,63_noStim,2.35315845427502e-05,0.000816768976117149,0.000109974099409974,0.000121698134859375
87,test2_jan08_2026_Trial_131.csv,Config3,63_noStim,0.00100690152550079,0.000260101650272642,5.29369568617922e-05,0.000153517404623982
88,test2_jan08_2026_Trial_132.csv,Config3,63_noStim,0.00097335521238255,0.000303111864533669,-2.75503505893435e-05,0.000172785494600512
89,test2_jan08_2026_Trial_133.csv,Config3,63_noStim,0.00129063421681518,0.000941784088763479,0.000604057947980342,4.98640129011565e-06
90,test2_jan08_2026_Trial_134.csv,Config3,63_noStim,-7.02415535866797e-06,0.000447928543302158,1.02153837223256e-05,4.73134757368031e-06
91,test2_jan08_2026_Trial_135.csv,Config3,76_noStim,0.00177532873870663,0.00299256420373123,0.00147297265065308,0.00169411018831441
92,test2_jan08_2026_Trial_136.csv,Config3,76_noStim,0.00150918430157431,0.00326491176369982,0.000843873456753231,0.000901169741551528
93,test2_jan08_2026_Trial_137.csv,Config3,76_noStim,0.000904017616523121,0.0018552017399747,0.000567701880719468,0.00107232619744689
94,test2_jan08_2026_Trial_138.csv,Config3,76_noStim,0.000967527483048854,0.00283986153100415,0.000739285658494713,0.000334360316100805
95,test2_jan08_2026_Trial_139.csv,Config3,76_noStim,0.000971680798006167,0.00276615751273018,0.00102953719940192,0.00153805216286193
96,test2_jan08_2026_Trial_140.csv,Config3,76_noStim,0.00116995746356803,0.00177391070968244,0.000956813806339908,0.000487207575083296
97,test2_jan08_2026_Trial_141.csv,Config3,76_noStim,0.00157591643360593,0.00218619068838935,0.0016745509963801,0.00279583999865359
98,test2_jan08_2026_Trial_142.csv,Config3,76_noStim,0.00155690928777057,0.0046033850085379,0.00113548660851556,0.00126404634411565
99,test2_jan08_2026_Trial_143.csv,Config3,76_noStim,0.00104880670670137,0.0026496946587046,0.000790676162734973,0.000689341188166592
100,test2_jan08_2026_Trial_144.csv,Config3,76_noStim,0.000930216544305474,0.00247447046625382,0.00107538097891845,0.000749337170293966
101,test2_jan08_2026_Trial_145.csv,Config3,76_stim,0.00152412660168684,0.00441607436803281,0.00065747121610986,0.00144636599613283
102,test2_jan08_2026_Trial_146.csv,Config3,76_stim,0.00202707598847719,0.00400798377903628,0.000984088086325364,0.00221455686112355
103,test2_jan08_2026_Trial_147.csv,Config3,76_stim,0.00183155575589246,0.00188071527529201,0.000833191810357049,0.00156706962938794
104,test2_jan08_2026_Trial_148.csv,Config3,76_stim,0.00257215456337097,0.00512720861042496,0.000976415757660963,0.00495485253729608
105,test2_jan08_2026_Trial_149.csv,Config3,76_stim,0.00113069133489143,0.00332311167549885,0.000461979170897826,0.000784413454645198
106,test2_jan08_2026_Trial_150.csv,Config3,76_stim,0.00221413083551757,0.00296458820136237,0.000916995417664506,0.000862940140440231
107,test2_jan08_2026_Trial_151.csv,Config3,76_stim,0.00120846563124877,0.00229130048001765,0.00105020172580475,0.000269581862829761
108,test2_jan08_2026_Trial_152.csv,Config3,76_stim,0.000961391523213845,0.00190499384240262,0.00019400608385927,0.000477004564379894
109,test2_jan08_2026_Trial_153.csv,Config3,76_stim,0.000907983500443591,0.00342137841029035,0.00178608323596777,0.00142112124057839
110,test2_jan08_2026_Trial_154.csv,Config3,76_stim,0.00102341021051796,0.00306677251990258,0.000623559946373219,0.000592423466298377
111,test2_jan08_2026_Trial_155.csv,Config3,63_stim,0.00111017426709706,0.0016987092496356,0.000189910842511691,0.00139746049517063
112,test2_jan08_2026_Trial_156.csv,Config3,63_stim,0.00101569828039373,0.00065413287007004,7.17195750872624e-05,0.00104209242622151
113,test2_jan08_2026_Trial_157.csv,Config3,63_stim,0.000226567363749941,0.002344445820665,0.000200259603056332,0.00129898765166956
114,test2_jan08_2026_Trial_158.csv,Config3,63_stim,-2.61060830131561e-06,0.00155858535154058,9.43249620708348e-06,0.00022644930550374
115,test2_jan08_2026_Trial_159.csv,Config3,63_stim,0.000124255036322923,0.00331500305053301,0.000282537982335715,0.00239472613578715
116,test2_jan08_2026_Trial_160.csv,Config3,63_stim,0.00095325302669675,0.00149428094277892,0.000163323213332754,0.000470941270214733
117,test2_jan08_2026_Trial_161.csv,Config3,63_stim,2.89246748467562e-05,0.00269210948296483,0.000165396275057646,0.000369703386995049
118,test2_jan08_2026_Trial_162.csv,Config3,63_stim,0.000986853678090926,0.00296886237239494,0.000147689173356213,7.93899002827349e-05
119,test2_jan08_2026_Trial_163.csv,Config3,63_stim,0.00111188279425843,0.00294727081324112,0.000536936702659903,0.000507613527167498
120,test2_jan08_2026_Trial_164.csv,Config3,63_stim,7.48202949801883e-05,0.000920946966655774,2.32148998680228e-05,4.3590142093439e-05
121,test2_jan08_2026_Trial_165.csv,Baseline,63_noStim,0.00174844234080916,0.00214227774196089,0.000950097808863519,0.00237932037091507
122,test2_jan08_2026_Trial_166.csv,Baseline,63_noStim,0.00121154834801814,0.00168204703852382,0.000598902603111787,9.07695319871542e-05
123,test2_jan08_2026_Trial_167.csv,Baseline,63_noStim,5.64202878364079e-05,0.00146776102955569,0.000113263959427286,5.40735529468077e-06
124,test2_jan08_2026_Trial_168.csv,Baseline,63_noStim,0.00104152345735089,0.00193875554615148,0.000158842625933262,8.06950156488081e-07
125,test2_jan08_2026_Trial_169.csv,Baseline,63_noStim,0.000827948237398512,0.000683166080025345,0.0002191547726724,3.10571896841935e-05
126,test2_jan08_2026_Trial_170.csv,Baseline,63_noStim,6.1443906504914e-05,0.00102677826222793,0.000582533618299101,0.00162657223303897
127,test2_jan08_2026_Trial_171.csv,Baseline,63_noStim,0.000124743127009117,0.00189079433756224,0.000151907573411696,0.000154864518254997
128,test2_jan08_2026_Trial_172.csv,Baseline,63_noStim,8.23839262258849e-05,0.0012321348711792,0.000126297745302807,9.58697196285162e-05
129,test2_jan08_2026_Trial_173.csv,Baseline,63_noStim,3.03704358738548e-05,0.000755626472507298,8.94171683929254e-05,0.0014642727329128
130,test2_jan08_2026_Trial_174.csv,Baseline,63_noStim,0.000106845667808336,0.000323818891624051,0.00111164713701531,0.000144113193097738
131,test2_jan08_2026_Trial_175.csv,Baseline,76_noStim,0.000961707858658504,0.0014383875155428,0.000784834561653704,0.00093484792837643
132,test2_jan08_2026_Trial_176.csv,Baseline,76_noStim,0.000937222533198338,0.000842571237362103,0.000474178662852319,0.000530519996905153
133,test2_jan08_2026_Trial_177.csv,Baseline,76_noStim,0.00201720065077762,0.00129639008652866,0.000697032366700527,0.000833964324147582
134,test2_jan08_2026_Trial_178.csv,Baseline,76_noStim,0.003263107128683,0.00482181818273516,0.000968984222496331,0.00259786311066624
135,test2_jan08_2026_Trial_179.csv,Baseline,76_noStim,0.000913522249636748,0.00175222382690888,0.000411564429073493,0.000271770808877749
136,test2_jan08_2026_Trial_180.csv,Baseline,76_noStim,2.75890046992808e-05,0.000831038741375711,0.000431976318004423,9.56702908845716e-05
137,test2_jan08_2026_Trial_181.csv,Baseline,76_noStim,0.00107607062788483,0.00134314454243952,0.000620668039106268,0.000144810675007848
138,test2_jan08_2026_Trial_182.csv,Baseline,76_noStim,0.000145114623493839,0.00193226467991565,0.000549982373140864,0.00100119456414064
139,test2_jan08_2026_Trial_183.csv,Baseline,76_noStim,0.00183987904254664,0.00175485445274808,0.00148612436654128,0.00290909397850009
140,test2_jan08_2026_Trial_184.csv,Baseline,76_noStim,0.00100027480540825,0.00152207358940422,0.000693988878995242,0.000496144754429188
