Pilot02,,,,,,,,,,
Jan08 2026,,,,,,,,,,
,,,,,,,,,threshold 5/10 = 0.185,
Recorded in DAQ ,,,,,,,,,,
Gain of 909,,,,,,,,,,
Sampling Freq 2000Hz,,,,,,,,,,
,,,,,,,,,50,microvolts
Channels,,,,,,,,,0.0005,voltds
1,TMS,,,,,,,,0.4545,account for gain
2,rta,,,,,,,,,
3,lta,,,,,,,,,
4,rrf,,,,,,,,,
5,lrf,,,,,,,,,
,,,,,,,,,,
,,,,,,,,,,
,,,,,,,,,,
,,,,,,,,,,
DAQ Trial,Stim #,%MSO,P2P,Avg,Notes,,,,,
45,1,63,w/o stim,,to see 50 microV = 0.4545 in 10/20,,configuration 1 here!,,,
46,2,,w/o stim,,to see 50 microV = 0.4545 in 10/20,,,,,
47,3,,w/o stim,,to see 50 microV = 0.4545 in 10/20,,,,,
48,4,,w/o stim,,to see 50 microV = 0.4545 in 10/20,,,,,
49,5,,w/o stim,,to see 50 microV = 0.4545 in 10/20,,,,,
50,1,63,w/o stim,,to see 50 microV = 0.4545 in 10/20,,,,,
51,2,,w/o stim,,to see 50 microV = 0.4545 in 10/20,,,,,
52,3,,w/o stim,,to see 50 microV = 0.4545 in 10/20,,,,,
53,4,,w/o stim,,to see 50 microV = 0.4545 in 10/20,,,,,
54,5,,w/o stim,,to see 50 microV = 0.4545 in 10/20,,,,,
55,1,76,w/o stim,,to see 50 microV = 0.4545 in 10/20,,,,,
56,2,,w/o stim,,to see 50 microV = 0.4545 in 10/20,,,,,
57,3,,w/o stim,,to see 50 microV = 0.4545 in 10/20,,,,,
58,4,,w/o stim,,to see 50 microV = 0.4545 in 10/20,,,,,
59,5,,w/o stim,,to see 50 microV = 0.4545 in 10/20,,,,,
60,1,76,w/o stim,,to see 50 microV = 0.4545 in 10/20,,,,,
61,2,,w/o stim,,to see 50 microV = 0.4545 in 10/20,,,,,
62,3,,w/o stim,,to see 50 microV = 0.4545 in 10/20,,,,,
63,4,,w/o stim,,to see 50 microV = 0.4545 in 10/20,,,,,
64,5,,w/o stim,,to see 50 microV = 0.4545 in 10/20,,,,,
65,1,76,w stim,,,,,,,
66,2,,w stim,,,,,,,
67,3,,w stim,,,,,,,
68,4,,w stim,,,,,,,
69,5,,w stim,,,,,,,
70,1,76,w stim,,,,,,,
71,2,,w stim,,,,,,,
72,3,,w stim,,,,,,,
73,4,,w stim,,,,,,,
74,5,,w stim,,,,,,,
75,1,63,w stim,,,,,,,
76,2,,w stim,,,,,,,
77,3,,w stim,,,,,,,
78,4,,w stim,,,,,,,
79,5,,w stim,,,,,,,
80,1,63,w stim,,,,,,,
81,2,,w stim,,,,,,,
82,3,,w stim,,,,,,,
83,4,,w stim,,,,,,,
84,5,,w stim,,,,,,,
85,1,63,w/o stim,configuration 2 starts here my friends!,,,,,,
86,2,,w/o stim,,,,,,,
87,3,,w/o stim,,,,,,,
88,4,,w/o stim,,,,,,,
89,5,,w/o stim,,,,,,,
90,1,63,w/o stim,,,,,,,
91,2,,w/o stim,,,,,,,
92,3,,w/o stim,,,,,,,
93,4,,w/o stim,,,,,,,
94,5,,w/o stim,,,,,,,
95,1,76,w/o stim,,,,,,,
96,2,,w/o stim,,,,,,,
97,3,,w/o stim,,,,,,,
98,4,,w/o stim,,,,,,,
99,5,,w/o stim,,,,,,,
100,1,76,w/o stim,,,,,,,
101,2,,w/o stim,,,,,,,
102,3,,w/o stim,,,,,,,
103,4,,w/o stim,,,,,,,
104,5,,w/o stim,,,,,,,
105,1,76,w stim,,,,,,,
106,2,,w stim,,,,,,,
107,3,,w stim,,,,,,,
108,4,,w stim,,,,,,,
109,5,,w stim,,,,,,,
110,1,76,w stim,,,,,,,
111,2,,w stim,,,,,,,
112,3,,w stim,,,,,,,
113,4,,w stim,,,,,,,
114,5,,w stim,,,,,,,
115,1,63,w stim,,,,,,,
116,2,,w stim,,,,,,,
117,3,,w stim,,,,,,,
118,4,,w stim,,,,,,,
119,5,,w stim,,,,,,,
120,1,63,w stim,,,,,,,
121,2,,w stim,,,,,,,
122,3,,w stim,,,,,,,
123,4,,w stim,,,,,,,
124,5,,w stim,,,,,,,
125,1,63,w/o stim,configuration 3 starts here my friends!,,,,,,
126,2,,w/o stim,,,,,,,
127,3,,w/o stim,,,,,,,
128,4,,w/o stim,,,,,,,
129,5,,w/o stim,,,,,,,
130,1,63,w/o stim,,,,,,,
131,2,,w/o stim,,,,,,,
132,3,,w/o stim,,,,,,,
133,4,,w/o stim,,,,,,,
134,5,,w/o stim,,,,,,,
135,1,76,w/o stim,,,,,,,
136,2,,w/o stim,,,,,,,
137,3,,w/o stim,,,,,,,
138,4,,w/o stim,,,,,,,
139,5,,w/o stim,,,,,,,
140,1,76,w/o stim,,,,,,,
141,2,,w/o stim,,,,,,,
142,3,,w/o stim,,,,,,,
143,4,,w/o stim,,,,,,,
144,5,,w/o stim,,,,,,,
145,1,76,w stim,,,,,,,
146,2,,w stim,,,,,,,
147,3,,w stim,,,,,,,
148,4,,w stim,,,,,,,
149,5,,w stim,,,,,,,
150,1,76,w stim,,,,,,,
151,2,,w stim,,,,,,,
152,3,,w stim,,,,,,,
153,4,,w stim,,,,,,,
154,5,,w stim,,,,,,,
155,1,63,w stim,,,,,,,
156,2,,w stim,,,,,,,
157,3,,w stim,,,,,,,
158,4,,w stim,,,,,,,
159,5,,w stim,,,,,,,
160,1,63,w stim,,,,,,,
161,2,,w stim,,,,,,,
162,3,,w stim,,,,,,,
163,4,,w stim,,,,,,,
164,5,,w stim,,,,,,,
165,1,63,w/o stim,baseline,,,,,,
166,2,,w/o stim,,,,,,,
167,3,,w/o stim,,,,,,,
168,4,,w/o stim,,,,,,,
169,5,,w/o stim,,,,,,,
170,1,63,w/o stim,,,,,,,
171,2,,w/o stim,,,,,,,
172,3,,w/o stim,,,,,,,
173,4,,w/o stim,,,,,,,
174,5,,w/o stim,,,,,,,
175,1,76,w/o stim,,,,,,,
176,2,,w/o stim,,,,,,,
177,3,,w/o stim,,,,,,,
178,4,,w/o stim,,,,,,,
179,5,,w/o stim,,,,,,,
180,1,76,w/o stim,,,,,,,
181,2,,w/o stim,,,,,,,
182,3,,w/o stim,,,,,,,
183,4,,w/o stim,,,,,,,
184,5,,w/o stim,,,,,,,
