,Name,Min,Max,Average,Integral
0,DV-U,4.7117506341010085e-08,72.10646057128906,1.270557583201304,0.00046461576077120535
1,DV-I,0.00015631222049705684,50.27474594116211,1.706979799807114,0.0006244525501802071
2,DV-PU,1.2254940884304233e-06,54.455047607421875,0.8338250541669443,0.00030489787538062014
3,DV-PI,7.79096590122208e-05,32.4986686706543,1.5982408641589532,0.0005838320887213085
4,DM-C,0.00014069936878513545,34.1900520324707,1.2532118718922203,0.00045835254233367984
5,DM-R,0.0007619695388711989,59.86939239501953,1.132460286432113,0.00041275194171950944
6,DM-R - Reversed,0.00076197151793167,59.869544982910156,1.1324632211308343,0.00041275301133999586
7,DO-I,4.931537205266068e-06,44.01212692260742,0.8931003066362012,0.0003263057947715883
8,DO-C,8.995212556328624e-05,7.512450695037842,0.15655811338615952,5.728025696415208e-05
9,DV-I - Reversed,0.00015631274436600506,50.27490997314453,1.7069854500510533,0.0006244546171694689
